%time,field.joint1,field.joint2,field.joint3,field.joint4,field.joint5,field.joint6
1407505560255990173,3.83303833008,170.252502441,49.8405914307,226.872558594,93.1997833252,80.3394165039
1407505560269091646,3.83303833008,170.252502441,49.8405914307,226.872558594,93.1997833252,80.3394165039
1407505560280924302,3.83303833008,170.252502441,49.8405914307,226.872558594,93.1997833252,80.3394165039
1407505560293906886,3.83303833008,170.252502441,49.8405914307,226.872558594,93.1997833252,80.3394165039
1407505560305897892,3.83303833008,170.252502441,49.8405914307,226.872558594,93.1997833252,80.3394165039
1407505560317963478,3.83303833008,170.252502441,49.8405914307,226.872558594,93.1997833252,80.3394165039
1407505560329932731,3.83303833008,170.252502441,49.8405914307,226.872558594,93.1997833252,80.3394165039
1407505560341948740,3.83303833008,170.252502441,49.8405914307,226.872558594,93.1997833252,80.3394165039
1407505560353919228,3.83303833008,170.252502441,49.8405914307,226.872558594,93.1997833252,80.3394165039
1407505560366976324,3.83303833008,170.252502441,49.8405914307,226.872558594,93.1997833252,80.3394165039
1407505560380048291,3.83303833008,170.252502441,49.8405914307,226.872558594,93.1997833252,80.3394165039
1407505560393073666,3.83303833008,170.252502441,49.8405914307,226.872558594,93.1997833252,80.3394165039
1407505560407051230,3.83303833008,170.252502441,49.8405914307,226.872558594,93.1997833252,80.3394165039
1407505560419946905,3.83303833008,170.252502441,49.8405914307,226.872558594,93.1997833252,80.3394165039
1407505560432976989,3.83303833008,170.252502441,49.8405914307,226.872558594,93.1997833252,80.3394165039
1407505560447053094,3.83303833008,170.252502441,49.8405914307,226.872558594,93.1997833252,80.3394165039
1407505560460083530,3.83303833008,170.252502441,49.8405914307,226.872558594,93.1997833252,80.3394165039
1407505560473043259,3.83303833008,170.252502441,49.8405914307,226.872558594,93.1997833252,80.3394165039
1407505560487154884,3.83303833008,170.252502441,49.8405914307,226.872558594,93.1997833252,80.3394165039
1407505560497995329,3.83303833008,170.252502441,49.8405914307,226.872558594,93.1997833252,80.3394165039
1407505560507059877,3.83303833008,170.252502441,49.8405914307,226.872558594,93.1997833252,80.3394165039
1407505560516018721,3.83303833008,170.252502441,49.8405914307,226.872558594,93.1997833252,80.3394165039
1407505560527050230,3.83303833008,170.252502441,49.8405914307,226.872558594,93.1997833252,80.3394165039
1407505560537050169,3.83303833008,170.252502441,49.8405914307,226.872558594,93.1997833252,80.3394165039
1407505560548042039,3.83303833008,170.252502441,49.8405914307,226.872558594,93.1997833252,80.3394165039
1407505560559010396,3.83303833008,170.252502441,49.8405914307,226.872558594,93.1997833252,80.3394165039
1407505560570987868,3.83303833008,170.252502441,49.8405914307,226.872558594,93.1997833252,80.3394165039
1407505560581961132,3.83303833008,170.252502441,49.8405914307,226.872558594,93.1997833252,80.3394165039
1407505560594025954,3.83303833008,170.252502441,49.8405914307,226.872558594,93.1997833252,80.3394165039
1407505560606897059,3.83303833008,170.252502441,49.8405914307,226.872558594,93.1997833252,80.3394165039
1407505560618916846,3.83303833008,170.252502441,49.8405914307,226.872558594,93.1997833252,80.3394165039
1407505560631954781,3.83303833008,170.252502441,49.8405914307,226.872558594,93.1997833252,80.3394165039
1407505560645990817,3.83303833008,170.252502441,49.8405914307,226.872558594,93.1997833252,80.3394165039
1407505560658914267,3.83303833008,170.252502441,49.8405914307,226.872558594,93.1997833252,80.3394165039
1407505560671951551,3.83303833008,170.252502441,49.8405914307,226.872558594,93.1997833252,80.3394165039
1407505560684998628,3.83303833008,170.252502441,49.8405914307,226.872558594,93.1997833252,80.3394165039
1407505560698172367,3.83303833008,170.252502441,49.8405914307,226.872558594,93.1997833252,80.3394165039
1407505560710089697,3.83303833008,170.252502441,49.8405914307,226.872558594,93.1997833252,80.3394165039
1407505560724040125,3.83303833008,170.252502441,49.8405914307,226.872558594,93.1997833252,80.3394165039
1407505560737019495,3.83303833008,170.252502441,49.8405914307,226.872558594,93.1997833252,80.3394165039
1407505560750004690,3.83303833008,170.252502441,49.8405914307,226.872558594,93.1997833252,80.3394165039
1407505560763992064,3.83303833008,170.252502441,49.8405914307,226.872558594,93.1997833252,80.3394165039
1407505560776982956,3.83303833008,170.252502441,49.8405914307,226.872558594,93.1997833252,80.3394165039
1407505560790028225,3.83303833008,170.252502441,49.8405914307,226.872558594,93.1997833252,80.3394165039
1407505560804136154,3.83303833008,170.252502441,49.8405914307,226.872558594,93.1997833252,80.3394165039
1407505560816072290,3.83303833008,170.252502441,49.8405914307,226.872558594,93.1997833252,80.3394165039
1407505560830040437,3.83303833008,170.252502441,49.8405914307,226.872558594,93.1997833252,80.3394165039
1407505560843113193,3.83303833008,170.252502441,49.8405914307,226.872558594,93.1997833252,80.3394165039
1407505560855103446,3.83303833008,170.252502441,49.8405914307,226.872558594,93.1997833252,80.3394165039
1407505560867956929,3.83303833008,170.252502441,49.8405914307,226.872558594,93.1997833252,80.3394165039
1407505560881907855,3.83303833008,170.252502441,49.8405914307,226.872558594,93.1997833252,80.3394165039
1407505560892911748,3.83303833008,170.252502441,49.8405914307,226.872558594,93.1997833252,80.3394165039
1407505560905034964,3.83303833008,170.252502441,49.8405914307,226.872558594,93.1997833252,80.3394165039
1407505560917980722,3.83303833008,170.252502441,49.8405914307,226.872558594,93.1997833252,80.3394165039
1407505560930969725,3.83303833008,170.252502441,49.8405914307,226.872558594,93.1997833252,80.3394165039
1407505560943953719,3.83303833008,170.252502441,49.8405914307,226.872558594,93.1997833252,80.3394165039
1407505560955985156,3.83303833008,170.252502441,49.8405914307,226.872558594,93.1997833252,80.3394165039
1407505560969928977,3.83303833008,170.252502441,49.8405914307,226.872558594,93.1997833252,80.3394165039
1407505560982952452,3.83303833008,170.252502441,49.8405914307,226.872558594,93.1997833252,80.3394165039
1407505560994984036,3.83303833008,170.252502441,49.8405914307,226.872558594,93.1997833252,80.3394165039
1407505561008025064,3.83303833008,170.252502441,49.8405914307,226.872558594,93.1997833252,80.3394165039
1407505561020941104,3.83303833008,170.252502441,49.8405914307,226.872558594,93.1997833252,80.3394165039
1407505561032884407,3.83303833008,170.252502441,49.8405914307,226.872558594,93.1997833252,80.3394165039
1407505561043874104,3.83303833008,170.252502441,49.8405914307,226.872558594,93.1997833252,80.3394165039
1407505561056949831,3.83303833008,170.252502441,49.8405914307,226.872558594,93.1997833252,80.3394165039
1407505561069069840,3.83303833008,170.252502441,49.8405914307,226.872558594,93.1997833252,80.3394165039
1407505561078911465,3.83303833008,170.252502441,49.8405914307,226.872558594,93.1997833252,80.3394165039
1407505561087890110,3.83303833008,170.252502441,49.8405914307,226.872558594,93.1997833252,80.3394165039
1407505561100966130,3.83303833008,170.252502441,49.8405914307,226.872558594,93.1997833252,80.3394165039
1407505561112935395,3.83303833008,170.252502441,49.8405914307,226.872558594,93.1997833252,80.3394165039
1407505561125922102,3.83303833008,170.252502441,49.8405914307,226.872558594,93.1997833252,80.3394165039
1407505561135874805,3.83303833008,170.252502441,49.8405914307,226.872558594,93.1997833252,80.3394165039
1407505561148921049,3.83303833008,170.252502441,49.8405914307,226.872558594,93.1997833252,80.3394165039
1407505561161889271,3.83303833008,170.252502441,49.8405914307,226.872558594,93.1997833252,80.3394165039
1407505561173886357,3.83303833008,170.252502441,49.8405914307,226.872558594,93.1997833252,80.3394165039
1407505561186939210,3.83303833008,170.252502441,49.8405914307,226.872558594,93.1997833252,80.3394165039
1407505561198942178,3.83303833008,170.252502441,49.8405914307,226.872558594,93.1997833252,80.3394165039
1407505561211908183,3.83303833008,170.252502441,49.8405914307,226.872558594,93.1997833252,80.3394165039
1407505561223947787,3.83303833008,170.252502441,49.8405914307,226.872558594,93.1997833252,80.3394165039
1407505561235897956,3.83303833008,170.252502441,49.8405914307,226.872558594,93.1997833252,80.3394165039
1407505561250097216,3.83303833008,170.252502441,49.8405914307,226.872558594,93.1997833252,80.3394165039
1407505561262085633,3.83303833008,170.252502441,49.8405914307,226.872558594,93.1997833252,80.3394165039
1407505561273049533,3.83303833008,170.252502441,49.8405914307,226.872558594,93.1997833252,80.3394165039
1407505561286164862,3.83303833008,170.252502441,49.8405914307,226.872558594,93.1997833252,80.3394165039
1407505561298081099,3.83303833008,170.252502441,49.8405914307,226.872558594,93.1997833252,80.3394165039
1407505561313605760,3.83303833008,170.252502441,49.8405914307,226.872558594,93.1997833252,80.3394165039
1407505561324965690,3.83303833008,170.252502441,49.8405914307,226.872558594,93.1997833252,80.3394165039
1407505561335925048,3.83303833008,170.252502441,49.8405914307,226.872558594,93.1997833252,80.3394165039
1407505561345982668,3.83303833008,170.252502441,49.8405914307,226.872558594,93.1997833252,80.3394165039
1407505561354927617,3.83303833008,170.252502441,49.8405914307,226.872558594,93.1997833252,80.3394165039
1407505561364896637,3.83303833008,170.252502441,49.8405914307,226.872558594,93.1997833252,80.3394165039
1407505561376908247,3.83303833008,170.252502441,49.8405914307,226.872558594,93.1997833252,80.3394165039
1407505561389987770,3.83303833008,170.252502441,49.8405914307,226.872558594,93.1997833252,80.3394165039
1407505561402937884,3.83303833008,170.252502441,49.8405914307,226.872558594,93.1997833252,80.3394165039
1407505561414894388,3.83303833008,170.252502441,49.8405914307,226.872558594,93.1997833252,80.3394165039
1407505561426877184,3.83303833008,170.252502441,49.8405914307,226.872558594,93.1997833252,80.3394165039
1407505561439946223,3.83303833008,170.252502441,49.8405914307,226.872558594,93.1997833252,80.3394165039
1407505561452852691,3.83303833008,170.252502441,49.8405914307,226.872558594,93.1997833252,80.3394165039
1407505561465931614,3.83303833008,170.252502441,49.8405914307,226.872558594,93.1997833252,80.3394165039
1407505561477866580,3.83303833008,170.252502441,49.8405914307,226.872558594,93.1997833252,80.3394165039
1407505561489119545,3.83303833008,170.252502441,49.8405914307,226.872558594,93.1997833252,80.3394165039
1407505561502034984,3.83303833008,170.252502441,49.8405914307,226.872558594,93.1997833252,80.3394165039
1407505561515051067,3.83303833008,170.252502441,49.8405914307,226.872558594,93.1997833252,80.3394165039
1407505561528085889,3.83303833008,170.252502441,49.8405914307,226.872558594,93.1997833252,80.3394165039
1407505561541081809,3.83303833008,170.252502441,49.8405914307,226.872558594,93.1997833252,80.3394165039
1407505561553024213,3.83303833008,170.252502441,49.8405914307,226.872558594,93.1997833252,80.3394165039
1407505561567011206,3.83303833008,170.252502441,49.8405914307,226.872558594,93.1997833252,80.3394165039
1407505561577982738,3.83303833008,170.252502441,49.8405914307,226.872558594,93.1997833252,80.3394165039
1407505561592039554,3.83303833008,170.252502441,49.8405914307,226.872558594,93.1997833252,80.3394165039
1407505561604059524,3.83303833008,170.252502441,49.8405914307,226.872558594,93.1997833252,80.3394165039
1407505561615977736,3.83303833008,170.252502441,49.8405914307,226.872558594,93.1997833252,80.3394165039
1407505561628013606,3.83303833008,170.252502441,49.8405914307,226.872558594,93.1997833252,80.3394165039
1407505561641031806,3.83303833008,170.252502441,49.8405914307,226.872558594,93.1997833252,80.3394165039
1407505561651892255,3.83303833008,170.252502441,49.8405914307,226.872558594,93.1997833252,80.3394165039
1407505561663889876,3.83303833008,170.252502441,49.8405914307,226.872558594,93.1997833252,80.3394165039
1407505561691894978,3.83303833008,170.252502441,49.8405914307,226.872558594,93.1997833252,80.3394165039
1407505561718866156,3.83303833008,170.252502441,49.8405914307,226.872558594,93.1997833252,80.3394165039
1407505561747854774,3.83303833008,170.252502441,49.8405914307,226.872558594,93.1997833252,80.3394165039
1407505561776901666,3.83303833008,170.252502441,49.8405914307,226.872558594,93.1997833252,80.3394165039
1407505561806981118,3.83303833008,170.252502441,49.8405914307,226.872558594,93.1997833252,80.3394165039
1407505561836982180,3.83303833008,170.252502441,49.8405914307,226.872558594,93.1997833252,80.3394165039
1407505561866973477,3.83303833008,170.252502441,49.8405914307,226.872558594,93.1997833252,80.3394165039
1407505561896971056,3.83303833008,170.252502441,49.8405914307,226.872558594,93.1997833252,80.3394165039
1407505561925232356,3.83303833008,170.252502441,49.8405914307,226.872558594,93.1997833252,80.3394165039
1407505561952933543,3.83303833008,170.252502441,49.8405914307,226.872558594,93.1997833252,80.3394165039
1407505561982962035,3.83303833008,170.252502441,49.8405914307,226.872558594,93.1997833252,80.3394165039
1407505562014020240,3.83303833008,170.252502441,49.8405914307,226.872558594,93.1997833252,80.3394165039
1407505562042998021,3.83303833008,170.252502441,49.8405914307,226.872558594,93.1997833252,80.3394165039
1407505562072951751,3.83303833008,170.252502441,49.8405914307,226.872558594,93.1997833252,80.3394165039
1407505562102978278,3.83303833008,170.252502441,49.8405914307,226.872558594,93.1997833252,80.3394165039
1407505562132009908,3.83303833008,170.252502441,49.8405914307,226.872558594,93.1997833252,80.3394165039
1407505562160988132,3.83303833008,170.252502441,49.8405914307,226.872558594,93.1997833252,80.3394165039
1407505562189898565,3.83303833008,170.252502441,49.8405914307,226.872558594,93.1997833252,80.3394165039
1407505562217900899,3.83303833008,170.252502441,49.8405914307,226.872558594,93.1997833252,80.3394165039
1407505562246912474,3.83303833008,170.252502441,49.8405914307,226.872558594,93.1997833252,80.3394165039
1407505562274880489,3.83303833008,170.252502441,49.8405914307,226.872558594,93.1997833252,80.3394165039
1407505562302890608,3.83303833008,170.252502441,49.8405914307,226.872558594,93.1997833252,80.3394165039
1407505562330989198,3.83303833008,170.252502441,49.8405914307,226.872558594,93.1997833252,80.3394165039
1407505562353929727,3.83303833008,170.252502441,49.8405914307,226.872558594,93.1997833252,80.3394165039
1407505562380932539,3.83303833008,170.252502441,49.8405914307,226.872558594,93.1997833252,80.3394165039
1407505562409997159,3.83303833008,170.252502441,49.8405914307,226.872558594,93.1997833252,80.3394165039
1407505562436009636,3.83303833008,170.252502441,49.8405914307,226.872558594,93.1997833252,80.3394165039
1407505562467956281,3.83303833008,170.252502441,49.8405914307,226.872558594,93.1997833252,80.3394165039
1407505562496010226,3.83303833008,170.252502441,49.8405914307,226.872558594,93.1997833252,80.3394165039
1407505562525011676,3.83303833008,170.252502441,49.8405914307,226.872558594,93.1997833252,80.3394165039
1407505562548904035,3.83303833008,170.252502441,49.8405914307,226.872558594,93.1997833252,80.3394165039
1407505562572860233,3.83303833008,170.252502441,49.8405914307,226.872558594,93.1997833252,80.3394165039
1407505562597876839,3.83303833008,170.252502441,49.8405914307,226.872558594,93.1997833252,80.3394165039
1407505562623864257,3.83303833008,170.252502441,49.8405914307,226.872558594,93.1997833252,80.3394165039
1407505562649852644,3.83303833008,170.252502441,49.8405914307,226.872558594,93.1997833252,80.3394165039
1407505562676017108,3.83303833008,170.252502441,49.8405914307,226.872558594,93.1997833252,80.3394165039
1407505562700932274,3.83303833008,170.252502441,49.8405914307,226.872558594,93.1997833252,80.3394165039
1407505562726976259,3.83303833008,170.252502441,49.8405914307,226.872558594,93.1997833252,80.3394165039
1407505562754031142,3.83303833008,170.252502441,49.8405914307,226.872558594,93.1997833252,80.3394165039
1407505562779885412,3.83303833008,170.252502441,49.8405914307,226.872558594,93.1997833252,80.3394165039
1407505562807917207,3.83303833008,170.252502441,49.8405914307,226.872558594,93.1997833252,80.3394165039
1407505562833892467,3.83303833008,170.252502441,49.8405914307,226.872558594,93.1997833252,80.3394165039
1407505562861950054,3.83303833008,170.252502441,49.8405914307,226.872558594,93.1997833252,80.3394165039
1407505562890993639,3.83303833008,170.252502441,49.8405914307,226.872558594,93.1997833252,80.3394165039
1407505562916933407,3.83303833008,170.252502441,49.8405914307,226.872558594,93.1997833252,80.3394165039
1407505562943843353,3.83303833008,170.252502441,49.8405914307,226.872558594,93.1997833252,80.3394165039
1407505562970843491,3.83303833008,170.252502441,49.8405914307,226.872558594,93.1997833252,80.3394165039
1407505563000852295,3.83303833008,170.252502441,49.8405914307,226.872558594,93.1997833252,80.3394165039
1407505563027028468,3.83303833008,170.252502441,49.8405914307,226.872558594,93.1997833252,80.3394165039
1407505563054006267,3.83303833008,170.252502441,49.8405914307,226.872558594,93.1997833252,80.3394165039
1407505563081964997,3.83303833008,170.252502441,49.8405914307,226.872558594,93.1997833252,80.3394165039
1407505563113068230,3.83303833008,170.252502441,49.8405914307,226.872558594,93.1997833252,80.3394165039
1407505563141021892,3.83303833008,170.252502441,49.8405914307,226.872558594,93.1997833252,80.3394165039
1407505563169998728,3.83303833008,170.252502441,49.8405914307,226.872558594,93.1997833252,80.3394165039
1407505563201000723,3.83303833008,170.252502441,49.8405914307,226.872558594,93.1997833252,80.3394165039
1407505563229885218,3.83303833008,170.252502441,49.8405914307,226.872558594,93.1997833252,80.3394165039
1407505563258887165,3.83303833008,170.252502441,49.8405914307,226.872558594,93.1997833252,80.3394165039
1407505563286835451,3.83303833008,170.252502441,49.8405914307,226.872558594,93.1997833252,80.3394165039
1407505563316875045,3.83303833008,170.252502441,49.8405914307,226.872558594,93.1997833252,80.3394165039
1407505563343851199,3.83303833008,170.252502441,49.8405914307,226.872558594,93.1997833252,80.3394165039
1407505563373972968,3.83303833008,170.252502441,49.8405914307,226.872558594,93.1997833252,80.3394165039
1407505563403947587,3.83303833008,170.252502441,49.8405914307,226.872558594,93.1997833252,80.3394165039
1407505563434967453,3.83303833008,170.252502441,49.8405914307,226.872558594,93.1997833252,80.3394165039
1407505563464987892,3.83303833008,170.252502441,49.8405914307,226.872558594,93.1997833252,80.3394165039
1407505563492988139,3.83303833008,170.252502441,49.8405914307,226.872558594,93.1997833252,80.3394165039
1407505563523931632,3.83303833008,170.252502441,49.8405914307,226.872558594,93.1997833252,80.3394165039
1407505563553989823,3.83303833008,170.252502441,49.8405914307,226.872558594,93.1997833252,80.3394165039
1407505563580931891,3.83303833008,170.252502441,49.8405914307,226.872558594,93.1997833252,80.3394165039
1407505563607838474,3.83303833008,170.252502441,49.8405914307,226.872558594,93.1997833252,80.3394165039
1407505563636909907,3.83303833008,170.252502441,49.8405914307,226.872558594,93.1997833252,80.3394165039
1407505563666872868,3.83303833008,170.252502441,49.8405914307,226.872558594,93.1997833252,80.3394165039
1407505563694960757,3.83303833008,170.252502441,49.8405914307,226.872558594,93.1997833252,80.3394165039
1407505563723926271,3.83303833008,170.352508545,49.8405914307,226.872558594,93.1997833252,80.3394165039
1407505563754944237,3.83303833008,170.352508545,49.8405914307,226.872558594,93.1997833252,80.3394165039
1407505563786958065,3.83303833008,170.352508545,49.8405914307,226.872558594,93.1997833252,80.3394165039
1407505563814861912,3.83303833008,170.452514648,49.8405914307,226.872558594,93.1997833252,80.3394165039
1407505563839027051,3.83303833008,170.452514648,49.8405914307,226.872558594,93.1997833252,80.3394165039
1407505563868958590,3.83303833008,170.452514648,49.8405914307,226.872558594,93.1997833252,80.3394165039
1407505563895870942,3.83303833008,170.452514648,49.8405914307,226.872558594,93.1997833252,80.3394165039
1407505563924837741,3.83303833008,170.552520752,49.8405914307,226.872558594,93.1997833252,80.3394165039
1407505563952865174,3.83303833008,170.552520752,49.8405914307,226.872558594,93.1997833252,80.3394165039
1407505563980842609,3.83303833008,170.652526855,49.8405914307,226.872558594,93.1997833252,80.3394165039
1407505564010965595,3.83303833008,170.752532959,49.8405914307,226.872558594,93.1997833252,80.3394165039
1407505564040975925,3.83303833008,170.752532959,49.8405914307,226.872558594,93.1997833252,80.3394165039
1407505564068972868,3.83303833008,170.852539062,49.8405914307,226.872558594,93.1997833252,80.3394165039
1407505564098926806,3.83303833008,170.852539062,49.8405914307,226.872558594,93.1997833252,80.3394165039
1407505564129592553,3.83303833008,171.05255127,49.8405914307,226.872558594,93.1997833252,80.3394165039
1407505564157892368,3.83303833008,171.05255127,49.8405914307,226.872558594,93.1997833252,80.3394165039
1407505564184963513,3.83303833008,171.152557373,49.8405914307,226.872558594,93.1997833252,80.3394165039
1407505564210969754,3.83303833008,171.152557373,49.8405914307,226.872558594,93.1997833252,80.3394165039
1407505564239961732,3.83303833008,171.252563477,49.8405914307,226.872558594,93.1997833252,80.3394165039
1407505564267945220,3.83303833008,171.252563477,49.8405914307,226.872558594,93.1997833252,80.3394165039
1407505564299918371,3.83303833008,171.35256958,49.8405914307,226.872558594,93.1997833252,80.3394165039
1407505564328985369,3.83303833008,171.35256958,49.8405914307,226.872558594,93.1997833252,80.3394165039
1407505564357985389,3.83303833008,171.452575684,49.8405914307,226.872558594,93.1997833252,80.3394165039
1407505564386947526,3.83303833008,171.452575684,49.8405914307,226.872558594,93.1997833252,80.3394165039
1407505564415878348,3.83303833008,171.552581787,49.8405914307,226.872558594,93.1997833252,80.3394165039
1407505564445888280,3.83303833008,171.552581787,49.8405914307,226.872558594,93.1997833252,80.3394165039
1407505564473850533,3.83303833008,171.652587891,49.8405914307,226.872558594,93.1997833252,80.3394165039
1407505564502862631,3.83303833008,171.652587891,49.8405914307,226.872558594,93.1997833252,80.3394165039
1407505564531951676,3.83303833008,171.752593994,49.8405914307,226.872558594,93.1997833252,80.3394165039
1407505564558972321,3.83303833008,171.752593994,49.8405914307,226.872558594,93.1997833252,80.3394165039
1407505564587893997,3.83303833008,171.852600098,49.8405914307,226.872558594,93.1997833252,80.3394165039
1407505564617838096,3.83303833008,171.852600098,49.8405914307,226.872558594,93.1997833252,80.3394165039
1407505564648882133,3.83303833008,171.952606201,49.8405914307,226.872558594,93.1997833252,80.3394165039
1407505564678921041,3.83303833008,171.952606201,49.8405914307,226.872558594,93.1997833252,80.3394165039
1407505564708891630,3.83303833008,172.052612305,49.8405914307,226.872558594,93.1997833252,80.3394165039
1407505564737855568,3.83303833008,172.052612305,49.8405914307,226.872558594,93.1997833252,80.3394165039
1407505564767862755,3.83303833008,172.052612305,49.8405914307,226.872558594,93.1997833252,80.3394165039
1407505564792820535,3.83303833008,172.152618408,49.8405914307,226.872558594,93.1997833252,80.3394165039
1407505564818816909,3.83303833008,172.252624512,49.8405914307,226.872558594,93.1997833252,80.3394165039
1407505564847823277,3.83303833008,172.252624512,49.8405914307,226.872558594,93.1997833252,80.3394165039
1407505564878931291,3.83303833008,172.352630615,49.8405914307,226.872558594,93.1997833252,80.3394165039
1407505564906949763,3.83303833008,172.352630615,49.8405914307,226.872558594,93.1997833252,80.3394165039
1407505564933944886,3.83303833008,172.452636719,49.8405914307,226.872558594,93.1997833252,80.3394165039
1407505564964973311,3.83303833008,172.552642822,49.8405914307,226.872558594,93.1997833252,80.3394165039
1407505564995129200,3.83303833008,172.552642822,49.8405914307,226.872558594,93.1997833252,80.3394165039
1407505565024921180,3.83303833008,172.652648926,49.8405914307,226.872558594,93.1997833252,80.3394165039
1407505565053999240,3.83303833008,172.652648926,49.8405914307,226.872558594,93.1997833252,80.3394165039
1407505565083869367,3.83303833008,172.752655029,49.8405914307,226.872558594,93.1997833252,80.3394165039
1407505565113848616,3.83303833008,172.752655029,49.8405914307,226.872558594,93.1997833252,80.3394165039
1407505565143840793,3.83303833008,172.852661133,49.8405914307,226.872558594,93.1997833252,80.3394165039
1407505565173855011,3.83303833008,172.852661133,49.8405914307,226.872558594,93.1997833252,80.3394165039
1407505565202963002,3.83303833008,172.952667236,49.8405914307,226.872558594,93.1997833252,80.3394165039
1407505565233946649,3.83303833008,173.05267334,49.8405914307,226.872558594,93.1997833252,80.3394165039
1407505565263908603,3.83303833008,173.05267334,49.8405914307,226.872558594,93.1997833252,80.3394165039
1407505565294836286,3.83303833008,173.05267334,49.8405914307,226.872558594,93.1997833252,80.3394165039
1407505565321905350,3.83303833008,173.152679443,49.8405914307,226.872558594,93.1997833252,80.3394165039
1407505565350990799,3.83303833008,173.252685547,49.8405914307,226.872558594,93.1997833252,80.3394165039
1407505565375826380,3.83303833008,173.252685547,49.8405914307,226.872558594,93.1997833252,80.3394165039
1407505565403869342,3.83303833008,173.252685547,49.8405914307,226.872558594,93.1997833252,80.3394165039
1407505565433831877,3.83303833008,173.35269165,49.8405914307,226.872558594,93.1997833252,80.3394165039
1407505565463839601,3.83303833008,173.35269165,49.8405914307,226.872558594,93.1997833252,80.3394165039
1407505565489845904,3.83303833008,173.452697754,49.8405914307,226.872558594,93.1997833252,80.3394165039
1407505565519992557,3.83303833008,173.452697754,49.8405914307,226.872558594,93.1997833252,80.3394165039
1407505565548912647,3.83303833008,173.552703857,49.8405914307,226.872558594,93.1997833252,80.3394165039
1407505565577939334,3.83303833008,173.552703857,49.8405914307,226.872558594,93.1997833252,80.3394165039
1407505565607957274,3.83303833008,173.652709961,49.8405914307,226.872558594,93.1997833252,80.3394165039
1407505565632859076,3.83303833008,173.652709961,49.8405914307,226.872558594,93.1997833252,80.3394165039
1407505565658876653,3.83303833008,173.752716064,49.8405914307,226.872558594,93.1997833252,80.3394165039
1407505565685830447,3.83303833008,173.752716064,49.8405914307,226.872558594,93.1997833252,80.3394165039
1407505565715851429,3.83303833008,173.752716064,49.8405914307,226.872558594,93.1997833252,80.3394165039
1407505565743842799,3.83303833008,173.852722168,49.8405914307,226.872558594,93.1997833252,80.3394165039
1407505565772852887,3.83303833008,173.852722168,49.8405914307,226.872558594,93.1997833252,80.3394165039
1407505565798854541,3.83303833008,173.852722168,49.8405914307,226.872558594,93.1997833252,80.3394165039
1407505565826957979,3.83303833008,174.052734375,49.8405914307,226.872558594,93.1997833252,80.3394165039
1407505565855905023,3.83303833008,174.052734375,49.8405914307,226.872558594,93.1997833252,80.3394165039
1407505565884904976,3.83303833008,174.152740479,49.8405914307,226.872558594,93.1997833252,80.3394165039
1407505565914902330,3.83303833008,174.152740479,49.8405914307,226.872558594,93.1997833252,80.3394165039
1407505565943548902,3.83303833008,174.152740479,49.8405914307,226.872558594,93.1997833252,80.3394165039
1407505565969965744,3.83303833008,174.252746582,49.8405914307,226.872558594,93.1997833252,80.3394165039
1407505565999977673,3.83303833008,174.352752686,49.8405914307,226.872558594,93.1997833252,80.3394165039
1407505566029942751,3.83303833008,174.452758789,49.8405914307,226.872558594,93.1997833252,80.3394165039
1407505566057925988,3.83303833008,174.452758789,49.8405914307,226.872558594,93.1997833252,80.3394165039
1407505566087924715,3.83303833008,174.452758789,49.8405914307,226.872558594,93.1997833252,80.3394165039
1407505566118911187,3.83303833008,174.552764893,49.8405914307,226.872558594,93.1997833252,80.3394165039
1407505566148957199,3.83303833008,174.652770996,49.8405914307,226.872558594,93.1997833252,80.3394165039
1407505566179941824,3.83303833008,174.652770996,49.8405914307,226.872558594,93.1997833252,80.3394165039
1407505566207811639,3.83303833008,174.7527771,49.8405914307,226.872558594,93.1997833252,80.3394165039
1407505566236886967,3.83303833008,174.7527771,49.8405914307,226.872558594,93.1997833252,80.3394165039
1407505566262828155,3.83303833008,174.852783203,49.8405914307,226.872558594,93.1997833252,80.3394165039
1407505566289812622,3.83303833008,174.852783203,49.8405914307,226.872558594,93.1997833252,80.3394165039
1407505566318873309,3.83303833008,174.952789307,49.8405914307,226.872558594,93.1997833252,80.3394165039
1407505566346924042,3.83303833008,174.952789307,49.8405914307,226.872558594,93.1997833252,80.3394165039
1407505566375889995,3.83303833008,175.05279541,49.8405914307,226.872558594,93.1997833252,80.3394165039
1407505566402963222,3.83303833008,175.05279541,49.8405914307,226.872558594,93.1997833252,80.3394165039
1407505566431933543,3.83303833008,175.152801514,49.8405914307,226.872558594,93.1997833252,80.3394165039
1407505566459929723,3.83303833008,175.152801514,49.8405914307,226.872558594,93.1997833252,80.3394165039
1407505566489991111,3.83303833008,175.252807617,49.8405914307,226.872558594,93.1997833252,80.3394165039
1407505566518818834,3.83303833008,175.252807617,49.8405914307,226.872558594,93.1997833252,80.3394165039
1407505566545856349,3.83303833008,175.252807617,49.8405914307,226.872558594,93.1997833252,80.3394165039
1407505566575836166,3.83303833008,175.352813721,49.8405914307,226.872558594,93.1997833252,80.3394165039
1407505566605859617,3.83303833008,175.452819824,49.8405914307,226.872558594,93.1997833252,80.3394165039
1407505566633800882,3.83303833008,175.452819824,49.8405914307,226.872558594,93.1997833252,80.3394165039
1407505566661925257,3.83303833008,175.552825928,49.8405914307,226.872558594,93.1997833252,80.3394165039
1407505566692931352,3.83303833008,175.552825928,49.8405914307,226.872558594,93.1997833252,80.3394165039
1407505566723952390,3.83303833008,175.552825928,49.8405914307,226.872558594,93.1997833252,80.3394165039
1407505566753942274,3.83303833008,175.652832031,49.8405914307,226.872558594,93.1997833252,80.3394165039
1407505566780946689,3.83303833008,175.652832031,49.8405914307,226.872558594,93.1997833252,80.3394165039
1407505566810874057,3.83303833008,175.752838135,49.8405914307,226.872558594,93.1997833252,80.3394165039
1407505566836870928,3.83303833008,175.752838135,49.8405914307,226.872558594,93.1997833252,80.3394165039
1407505566862839756,3.83303833008,175.852844238,49.8405914307,226.872558594,93.1997833252,80.3394165039
1407505566892819119,3.83303833008,175.852844238,49.8405914307,226.872558594,93.1997833252,80.3394165039
1407505566918852010,3.83303833008,175.952850342,49.8405914307,226.872558594,93.1997833252,80.3394165039
1407505566946831813,3.83303833008,175.952850342,49.8405914307,226.872558594,93.1997833252,80.3394165039
1407505566977951267,3.83303833008,176.052856445,49.8405914307,226.872558594,93.1997833252,80.3394165039
1407505567009015779,3.83303833008,176.152862549,49.8405914307,226.872558594,93.1997833252,80.3394165039
1407505567038896150,3.83303833008,176.152862549,49.8405914307,226.872558594,93.1997833252,80.3394165039
1407505567069920409,3.83303833008,176.252868652,49.8405914307,226.872558594,93.1997833252,80.3394165039
1407505567099056490,3.83303833008,176.252868652,49.8405914307,226.872558594,93.1997833252,80.3394165039
1407505567127917989,3.83303833008,176.352874756,49.8405914307,226.872558594,93.1997833252,80.3394165039
1407505567155959660,3.83303833008,176.452880859,49.8405914307,226.872558594,93.1997833252,80.3394165039
1407505567185858626,3.83303833008,176.452880859,49.8405914307,226.872558594,93.1997833252,80.3394165039
1407505567213795716,3.83303833008,176.552886963,49.8405914307,226.872558594,93.1997833252,80.3394165039
1407505567236801105,3.83303833008,176.552886963,49.8405914307,226.872558594,93.1997833252,80.3394165039
1407505567266807432,3.83303833008,176.652893066,49.8405914307,226.872558594,93.1997833252,80.3394165039
1407505567293050478,3.83303833008,176.652893066,49.8405914307,226.872558594,93.1997833252,80.3394165039
1407505567320880996,3.83303833008,176.75289917,49.8405914307,226.872558594,93.1997833252,80.3394165039
1407505567349911177,3.83303833008,176.75289917,49.8405914307,226.872558594,93.1997833252,80.3394165039
1407505567376907237,3.83303833008,176.852905273,49.8405914307,226.872558594,93.1997833252,80.3394165039
1407505567406842306,3.83303833008,176.952911377,49.8405914307,226.872558594,93.1997833252,80.3394165039
1407505567437999143,3.83303833008,176.952911377,49.8405914307,226.872558594,93.1997833252,80.3394165039
1407505567465961141,3.83303833008,176.952911377,49.8405914307,226.872558594,93.1997833252,80.3394165039
1407505567492914529,3.83303833008,177.05291748,49.8405914307,226.872558594,93.1997833252,80.3394165039
1407505567522987619,3.83303833008,177.05291748,49.8405914307,226.872558594,93.1997833252,80.3394165039
1407505567552886585,3.83303833008,177.05291748,49.8405914307,226.872558594,93.1997833252,80.3394165039
1407505567583925234,3.83303833008,177.05291748,49.8405914307,226.872558594,93.1997833252,80.3394165039
1407505567613938491,3.83303833008,177.152923584,49.8405914307,226.872558594,93.1997833252,80.3394165039
1407505567643917005,3.83303833008,177.152923584,49.8405914307,226.872558594,93.1997833252,80.3394165039
1407505567669935512,3.83303833008,177.152923584,49.8405914307,226.872558594,93.1997833252,80.3394165039
1407505567698854514,3.83303833008,177.152923584,49.8405914307,226.872558594,93.1997833252,80.3394165039
1407505567728805796,3.83303833008,177.152923584,49.8405914307,226.872558594,93.1997833252,80.3394165039
1407505567756828472,3.83303833008,177.152923584,49.8405914307,226.872558594,93.1997833252,80.3394165039
1407505567784804233,3.83303833008,177.152923584,49.8405914307,226.872558594,93.1997833252,80.3394165039
1407505567813918837,3.83303833008,177.252929688,49.8405914307,226.872558594,93.1997833252,80.3394165039
1407505567837889179,3.83303833008,177.252929688,49.8405914307,226.872558594,93.1997833252,80.3394165039
1407505567862921809,3.83303833008,177.252929688,49.8405914307,226.872558594,93.1997833252,80.3394165039
1407505567891957751,3.83303833008,177.252929688,49.8405914307,226.872558594,93.1997833252,80.3394165039
1407505567914977151,3.83303833008,177.252929688,49.8405914307,226.872558594,93.1997833252,80.3394165039
1407505567940858789,3.83303833008,177.252929688,49.8405914307,226.872558594,93.1997833252,80.3394165039
1407505567968919232,3.83303833008,177.252929688,49.8405914307,226.872558594,93.1997833252,80.3394165039
1407505567998892550,3.83303833008,177.252929688,49.8405914307,226.872558594,93.1997833252,80.3394165039
1407505568028050325,3.83303833008,177.252929688,49.8405914307,226.872558594,93.1997833252,80.3394165039
1407505568057930307,3.83303833008,177.252929688,49.8405914307,226.872558594,93.1997833252,80.3394165039
1407505568086930188,3.83303833008,177.252929688,49.8405914307,226.872558594,93.1997833252,80.3394165039
1407505568116836643,3.83303833008,177.252929688,49.8405914307,226.872558594,93.1997833252,80.3394165039
1407505568146809854,3.83303833008,177.252929688,49.8405914307,226.872558594,93.1997833252,80.3394165039
1407505568172814262,3.83303833008,177.252929688,49.8405914307,226.872558594,93.1997833252,80.3394165039
1407505568201821129,3.83303833008,177.252929688,49.8405914307,226.872558594,93.1997833252,80.3394165039
1407505568231941746,3.83303833008,177.252929688,49.8405914307,226.872558594,93.1997833252,80.3394165039
1407505568261899953,3.83303833008,177.252929688,49.8405914307,226.872558594,93.1997833252,80.3394165039
1407505568288887975,3.83303833008,177.252929688,49.8405914307,226.872558594,93.1997833252,80.3394165039
1407505568315950810,3.83303833008,177.252929688,49.8405914307,226.872558594,93.1997833252,80.3394165039
1407505568344845851,3.83303833008,177.252929688,49.8405914307,226.872558594,93.1997833252,80.3394165039
1407505568370851659,3.83303833008,177.252929688,49.8405914307,226.872558594,93.1997833252,80.3394165039
1407505568395930246,3.83303833008,177.252929688,49.8405914307,226.872558594,93.1997833252,80.3394165039
1407505568421869844,3.83303833008,177.252929688,49.8405914307,226.872558594,93.1997833252,80.3394165039
1407505568451791485,3.83303833008,177.252929688,49.8405914307,226.872558594,93.1997833252,80.3394165039
1407505568481837267,3.83303833008,177.252929688,49.8405914307,226.872558594,93.1997833252,80.3394165039
1407505568510837001,3.83303833008,177.252929688,49.8405914307,226.872558594,93.1997833252,80.3394165039
1407505568540904517,3.83303833008,177.252929688,49.8405914307,226.872558594,93.1997833252,80.3394165039
1407505568570904930,3.83303833008,177.252929688,49.8405914307,226.872558594,93.1997833252,80.3394165039
1407505568598927920,3.83303833008,177.252929688,49.8405914307,226.872558594,93.1997833252,80.3394165039
1407505568628885631,3.83303833008,177.252929688,49.8405914307,226.872558594,93.1997833252,80.3394165039
1407505568657805891,3.83303833008,177.252929688,49.8405914307,226.872558594,93.1997833252,80.3394165039
1407505568687157383,3.83303833008,177.252929688,49.8405914307,226.872558594,93.1997833252,80.3394165039
1407505568715883779,3.83303833008,177.252929688,49.8405914307,226.872558594,93.1997833252,80.3394165039
1407505568737932261,3.83303833008,177.252929688,49.8405914307,226.872558594,93.1997833252,80.3394165039
1407505568766861890,3.83303833008,177.252929688,49.8405914307,226.872558594,93.1997833252,80.3394165039
1407505568795835112,3.83303833008,177.252929688,49.8405914307,226.872558594,93.1997833252,80.3394165039
1407505568826818981,3.83303833008,177.252929688,49.8405914307,226.872558594,93.1997833252,80.3394165039
1407505568855821798,3.83303833008,177.252929688,49.8405914307,226.872558594,93.1997833252,80.3394165039
1407505568885881672,3.83303833008,177.252929688,49.8405914307,226.872558594,93.1997833252,80.3394165039
1407505568915922933,3.83303833008,177.252929688,49.8405914307,226.872558594,93.1997833252,80.3394165039
1407505568945892915,3.83303833008,177.252929688,49.8405914307,226.872558594,93.1997833252,80.3394165039
1407505568975878081,3.83303833008,177.252929688,49.8405914307,226.872558594,93.1997833252,80.3394165039
1407505569003967651,3.83303833008,177.252929688,49.8405914307,226.872558594,93.1997833252,80.3394165039
1407505569033841989,3.83303833008,177.252929688,49.8405914307,226.872558594,93.1997833252,80.3394165039
1407505569060891734,3.83303833008,177.252929688,49.8405914307,226.872558594,93.1997833252,80.3394165039
1407505569085913300,3.83303833008,177.252929688,49.8405914307,226.872558594,93.1997833252,80.3394165039
1407505569113907897,3.83303833008,177.252929688,49.8405914307,226.872558594,93.1997833252,80.3394165039
1407505569141868530,3.83303833008,177.252929688,49.8405914307,226.872558594,93.1997833252,80.3394165039
1407505569168913926,3.83303833008,177.252929688,49.8405914307,226.872558594,93.1997833252,80.3394165039
1407505569199836226,3.83303833008,177.252929688,49.8405914307,226.872558594,93.1997833252,80.3394165039
1407505569229932649,3.83303833008,177.252929688,49.8405914307,226.872558594,93.1997833252,80.3394165039
1407505569260912126,3.83303833008,177.252929688,49.8405914307,226.872558594,93.1997833252,80.3394165039
1407505569290890321,3.83303833008,177.252929688,49.8405914307,226.872558594,93.1997833252,80.3394165039
1407505569321905236,3.83303833008,177.252929688,49.8405914307,226.872558594,93.1997833252,80.3394165039
1407505569351921846,3.83303833008,177.252929688,49.8405914307,226.872558594,93.1997833252,80.3394165039
1407505569382908499,3.83303833008,177.252929688,49.8405914307,226.872558594,93.1997833252,80.3394165039
1407505569410865739,3.83303833008,177.252929688,49.8405914307,226.872558594,93.1997833252,80.3394165039
1407505569439933110,3.83303833008,177.252929688,49.8405914307,226.872558594,93.1997833252,80.3394165039
1407505569451830293,3.83303833008,177.252929688,49.8405914307,226.872558594,93.1997833252,80.3394165039
1407505569464984058,3.83303833008,177.252929688,49.8405914307,226.872558594,93.1997833252,80.3394165039
1407505569477812880,3.83303833008,177.252929688,49.8405914307,226.872558594,93.1997833252,80.3394165039
1407505569487822518,3.83303833008,177.252929688,49.8405914307,226.872558594,93.1997833252,80.3394165039
1407505569495814056,3.83303833008,177.252929688,49.8405914307,226.872558594,93.1997833252,80.3394165039
1407505569503832772,3.83303833008,177.252929688,49.8405914307,226.872558594,93.1997833252,80.3394165039
1407505569512857601,3.83303833008,177.252929688,49.8405914307,226.872558594,93.1997833252,80.3394165039
1407505569525845043,3.83303833008,177.252929688,49.8405914307,226.872558594,93.1997833252,80.3394165039
1407505569537812923,3.83303833008,177.252929688,49.8405914307,226.872558594,93.1997833252,80.3394165039
1407505569548816662,3.83303833008,177.252929688,49.8405914307,226.872558594,93.1997833252,80.3394165039
1407505569560799560,3.83303833008,177.252929688,49.8405914307,226.872558594,93.1997833252,80.3394165039
1407505569571964389,3.83303833008,177.252929688,49.8405914307,226.872558594,93.1997833252,80.3394165039
1407505569584980966,3.83303833008,177.252929688,49.8405914307,226.872558594,93.1997833252,80.3394165039
1407505569594913663,3.83303833008,177.252929688,49.8405914307,226.872558594,93.1997833252,80.3394165039
1407505569606966643,3.83303833008,177.252929688,49.8405914307,226.872558594,93.1997833252,80.3394165039
1407505569619929701,3.83303833008,177.252929688,49.8405914307,226.872558594,93.1997833252,80.3394165039
1407505569631944800,3.83303833008,177.252929688,49.8405914307,226.872558594,93.1997833252,80.3394165039
1407505569643938563,3.83303833008,177.252929688,49.8405914307,226.872558594,93.1997833252,80.3394165039
1407505569655939430,3.83303833008,177.252929688,49.8405914307,226.872558594,93.1997833252,80.3394165039
1407505569666994811,3.83303833008,177.252929688,49.8405914307,226.872558594,93.1997833252,80.3394165039
1407505569678979080,3.83303833008,177.252929688,49.8405914307,226.872558594,93.1997833252,80.3394165039
1407505569689901895,3.83303833008,177.252929688,49.8405914307,226.872558594,93.1997833252,80.3394165039
1407505569699908550,3.83303833008,177.252929688,49.8405914307,226.872558594,93.1997833252,80.3394165039
1407505569710916742,3.83303833008,177.252929688,49.8405914307,226.872558594,93.1997833252,80.3394165039
1407505569722948845,3.83303833008,177.252929688,49.8405914307,226.872558594,93.1997833252,80.3394165039
1407505569732947276,3.83303833008,177.252929688,49.8405914307,226.872558594,93.1997833252,80.3394165039
1407505569745953576,3.83303833008,177.252929688,49.8405914307,226.872558594,93.1997833252,80.3394165039
1407505569755833935,3.83303833008,177.252929688,49.8405914307,226.872558594,93.1997833252,80.3394165039
1407505569768986908,3.83303833008,177.252929688,49.8405914307,226.872558594,93.1997833252,80.3394165039
1407505569780849527,3.83303833008,177.252929688,49.8405914307,226.872558594,93.1997833252,80.3394165039
1407505569793855894,3.83303833008,177.252929688,49.8405914307,226.872558594,93.1997833252,80.3394165039
1407505569805840394,3.83303833008,177.252929688,49.8405914307,226.872558594,93.1997833252,80.3394165039
1407505569817837998,3.83303833008,177.252929688,49.8405914307,226.872558594,93.1997833252,80.3394165039
1407505569830812880,3.83303833008,177.252929688,49.8405914307,226.872558594,93.1997833252,80.3394165039
1407505569843831650,3.83303833008,177.252929688,49.8405914307,226.872558594,93.1997833252,80.3394165039
1407505569855800796,3.83303833008,177.252929688,49.8405914307,226.872558594,93.1997833252,80.3394165039
1407505569868843582,3.83303833008,177.252929688,49.8405914307,226.872558594,93.1997833252,80.3394165039
1407505569881796026,3.83303833008,177.252929688,49.8405914307,226.872558594,93.1997833252,80.3394165039
1407505569893986253,3.83303833008,177.252929688,49.8405914307,226.872558594,93.1997833252,80.3394165039
1407505569906949107,3.83303833008,177.252929688,49.8405914307,226.872558594,93.1997833252,80.3394165039
1407505569918891890,3.83303833008,177.252929688,49.8405914307,226.872558594,93.1997833252,80.3394165039
1407505569931956554,3.83303833008,177.252929688,49.8405914307,226.872558594,93.1997833252,80.3394165039
1407505569944953413,3.83303833008,177.252929688,49.8405914307,226.872558594,93.1997833252,80.3394165039
1407505569957948109,3.83303833008,177.252929688,49.8405914307,226.872558594,93.1997833252,80.3394165039
1407505569970973616,3.83303833008,177.252929688,49.8405914307,226.872558594,93.1997833252,80.3394165039
1407505569983986941,3.83303833008,177.252929688,49.8405914307,226.872558594,93.1997833252,80.3394165039
1407505569996924956,3.83303833008,177.252929688,49.8405914307,226.872558594,93.1997833252,80.3394165039
1407505570009973888,3.83303833008,177.252929688,49.8405914307,226.872558594,93.1997833252,80.3394165039
1407505570022913273,3.83303833008,177.252929688,49.8405914307,226.872558594,93.1997833252,80.3394165039
1407505570035068852,3.83303833008,177.252929688,49.8405914307,226.872558594,93.1997833252,80.3394165039
1407505570047367314,3.83303833008,177.252929688,49.8405914307,226.872558594,93.1997833252,80.3394165039
1407505570058998827,3.83303833008,177.252929688,49.8405914307,226.872558594,93.1997833252,80.3394165039
1407505570071823466,3.83303833008,177.252929688,49.8405914307,226.872558594,93.1997833252,80.3394165039
1407505570083858162,3.83303833008,177.252929688,49.8405914307,226.872558594,93.1997833252,80.3394165039
1407505570097909556,3.83303833008,177.252929688,49.8405914307,226.872558594,93.1997833252,80.3394165039
1407505570109978521,3.83303833008,177.252929688,49.8405914307,226.872558594,93.1997833252,80.3394165039
1407505570122853363,3.83303833008,177.252929688,49.8405914307,226.872558594,93.1997833252,80.3394165039
1407505570135838960,3.83303833008,177.252929688,49.8405914307,226.872558594,93.1997833252,80.3394165039
1407505570148853690,3.83303833008,177.252929688,49.8405914307,226.872558594,93.1997833252,80.3394165039
1407505570161888370,3.83303833008,177.252929688,49.8405914307,226.872558594,93.1997833252,80.3394165039
1407505570173844336,3.83303833008,177.252929688,49.8405914307,226.872558594,93.1997833252,80.3394165039
1407505570186827733,3.83303833008,177.252929688,49.8405914307,226.872558594,93.1997833252,80.3394165039
1407505570199816432,3.83303833008,177.252929688,49.8405914307,226.872558594,93.1997833252,80.3394165039
1407505570212020193,3.83303833008,177.252929688,49.8405914307,226.872558594,93.1997833252,80.3394165039
1407505570224954666,3.83303833008,177.252929688,49.8405914307,226.872558594,93.1997833252,80.3394165039
1407505570237924471,3.83303833008,177.252929688,49.8405914307,226.872558594,93.1997833252,80.3394165039
1407505570250874770,3.83303833008,177.252929688,49.8405914307,226.872558594,93.1997833252,80.3394165039
1407505570263959853,3.83303833008,177.252929688,49.8405914307,226.872558594,93.1997833252,80.3394165039
1407505570276957359,3.83303833008,177.252929688,49.8405914307,226.872558594,93.1997833252,80.3394165039
1407505570289938407,3.83303833008,177.252929688,49.8405914307,226.872558594,93.1997833252,80.3394165039
1407505570303929063,3.83303833008,177.252929688,49.8405914307,226.872558594,93.1997833252,80.3394165039
1407505570316956825,3.83303833008,177.252929688,49.8405914307,226.872558594,93.1997833252,80.3394165039
1407505570329944916,3.83303833008,177.252929688,49.8405914307,226.872558594,93.1997833252,80.3394165039
1407505570340901068,3.83303833008,177.252929688,49.8405914307,226.872558594,93.1997833252,80.3394165039
1407505570351845857,3.83303833008,177.252929688,49.8405914307,226.872558594,93.1997833252,80.3394165039
1407505570363965609,3.83303833008,177.252929688,49.8405914307,226.872558594,93.1997833252,80.3394165039
1407505570376954040,3.83303833008,177.252929688,49.8405914307,226.872558594,93.1997833252,80.3394165039
1407505570389883022,3.83303833008,177.252929688,49.8405914307,226.872558594,93.1997833252,80.3394165039
1407505570402826991,3.83303833008,177.252929688,49.8405914307,226.872558594,93.1997833252,80.3394165039
1407505570414919968,3.83303833008,177.252929688,49.8405914307,226.872558594,93.1997833252,80.3394165039
1407505570427924534,3.83303833008,177.252929688,49.8405914307,226.872558594,93.1997833252,80.3394165039
1407505570439889063,3.83303833008,177.252929688,49.8405914307,226.872558594,93.1997833252,80.3394165039
1407505570450975864,3.83303833008,177.252929688,49.8405914307,226.872558594,93.1997833252,80.3394165039
1407505570462924089,3.83303833008,177.252929688,49.8405914307,226.872558594,93.1997833252,80.3394165039
1407505570474883650,3.83303833008,177.252929688,49.8405914307,226.872558594,93.1997833252,80.3394165039
1407505570487930522,3.83303833008,177.252929688,49.8405914307,226.872558594,93.1997833252,80.3394165039
1407505570500941513,3.83303833008,177.252929688,49.8405914307,226.872558594,93.1997833252,80.3394165039
1407505570513063542,3.83303833008,177.252929688,49.8405914307,226.872558594,93.1997833252,80.3394165039
1407505570526001356,3.83303833008,177.252929688,49.8405914307,226.872558594,93.1997833252,80.3394165039
1407505570537995352,3.83303833008,177.252929688,49.8405914307,226.872558594,93.1997833252,80.3394165039
1407505570550034106,3.83303833008,177.252929688,49.8405914307,226.872558594,93.1997833252,80.3394165039
1407505570562809763,3.83303833008,177.252929688,49.8405914307,226.872558594,93.1997833252,80.3394165039
1407505570575995954,3.83303833008,177.252929688,49.8405914307,226.872558594,93.1997833252,80.3394165039
1407505570587997011,3.83303833008,177.252929688,49.8405914307,226.872558594,93.1997833252,80.3394165039
1407505570600896994,3.83303833008,177.252929688,49.8405914307,226.872558594,93.1997833252,80.3394165039
1407505570611806342,3.83303833008,177.252929688,49.8405914307,226.872558594,93.1997833252,80.3394165039
1407505570624792256,3.83303833008,177.252929688,49.8405914307,226.872558594,93.1997833252,80.3394165039
1407505570637789903,3.83303833008,177.252929688,49.8405914307,226.872558594,93.1997833252,80.3394165039
1407505570649858230,3.83303833008,177.252929688,49.8405914307,226.872558594,93.1997833252,80.3394165039
1407505570662820620,3.83303833008,177.252929688,49.8405914307,226.872558594,93.1997833252,80.3394165039
1407505570675800372,3.83303833008,177.252929688,49.8405914307,226.872558594,93.1997833252,80.3394165039
1407505570688768006,3.83303833008,177.252929688,49.8405914307,226.872558594,93.1997833252,80.3394165039
1407505570701979559,3.83303833008,177.252929688,49.8405914307,226.872558594,93.1997833252,80.3394165039
1407505570714041085,3.83303833008,177.252929688,49.8405914307,226.872558594,93.1997833252,80.3394165039
1407505570726012914,3.83303833008,177.252929688,49.8405914307,226.872558594,93.1997833252,80.3394165039
1407505570739995797,3.83303833008,177.252929688,49.8405914307,226.872558594,93.1997833252,80.3394165039
1407505570752968549,3.83303833008,177.252929688,49.8405914307,226.872558594,93.1997833252,80.3394165039
1407505570765930790,3.83303833008,177.252929688,49.8405914307,226.872558594,93.1997833252,80.3394165039
1407505570778928922,3.83303833008,177.252929688,49.8405914307,226.872558594,93.1997833252,80.3394165039
1407505570791956016,3.83303833008,177.252929688,49.8405914307,226.872558594,93.1997833252,80.3394165039
1407505570806029676,3.83303833008,177.252929688,49.8405914307,226.872558594,93.1997833252,80.3394165039
1407505570818913237,3.83303833008,177.252929688,49.8405914307,226.872558594,93.1997833252,80.3394165039
1407505570831833930,3.83303833008,177.252929688,49.8405914307,226.872558594,93.1997833252,80.3394165039
1407505570843932804,3.83303833008,177.252929688,49.8405914307,226.872558594,93.1997833252,80.3394165039
1407505570856966937,3.83303833008,177.252929688,49.8405914307,226.872558594,93.1997833252,80.3394165039
1407505570868801476,3.83303833008,177.252929688,49.8405914307,226.872558594,93.1997833252,80.3394165039
1407505570881883707,3.83303833008,177.252929688,49.8405914307,226.872558594,93.1997833252,80.3394165039
1407505570895851759,3.83303833008,177.252929688,49.8405914307,226.872558594,93.1997833252,80.3394165039
1407505570907894039,3.83303833008,177.252929688,49.8405914307,226.872558594,93.1997833252,80.3394165039
1407505570920797214,3.83303833008,177.252929688,49.8405914307,226.872558594,93.1997833252,80.3394165039
1407505570932782187,3.83303833008,177.252929688,49.8405914307,226.872558594,93.1997833252,80.3394165039
1407505570945792683,3.83303833008,177.252929688,49.8405914307,226.872558594,93.1997833252,80.3394165039
1407505570957862022,3.83303833008,177.252929688,49.8405914307,226.872558594,93.1997833252,80.3394165039
1407505570970800028,3.83303833008,177.252929688,49.8405914307,226.872558594,93.1997833252,80.3394165039
1407505570982830571,3.83303833008,177.252929688,49.8405914307,226.872558594,93.1997833252,80.3394165039
1407505570995793456,3.83303833008,177.252929688,49.8405914307,226.872558594,93.1997833252,80.3394165039
1407505571008883901,3.83303833008,177.252929688,49.8405914307,226.872558594,93.1997833252,80.3394165039
1407505571021940586,3.83303833008,177.252929688,49.8405914307,226.872558594,93.1997833252,80.3394165039
1407505571035954631,3.83303833008,177.252929688,49.8405914307,226.872558594,93.1997833252,80.3394165039
1407505571048989034,3.83303833008,177.252929688,49.8405914307,226.872558594,93.1997833252,80.3394165039
1407505571061930699,3.83303833008,177.252929688,49.8405914307,226.872558594,93.1997833252,80.3394165039
1407505571074910509,3.83303833008,177.252929688,49.8405914307,226.872558594,93.1997833252,80.3394165039
1407505571087909861,3.83303833008,177.252929688,49.8405914307,226.872558594,93.1997833252,80.3394165039
1407505571101915351,3.83303833008,177.252929688,49.8405914307,226.872558594,93.1997833252,80.3394165039
1407505571113919059,3.83303833008,177.252929688,49.8405914307,226.872558594,93.1997833252,80.3394165039
1407505571127970733,3.83303833008,177.252929688,49.8405914307,226.872558594,93.1997833252,80.3394165039
1407505571140959925,3.83303833008,177.252929688,49.8405914307,226.872558594,93.1997833252,80.3394165039
1407505571151842192,3.83303833008,177.252929688,49.8405914307,226.872558594,93.1997833252,80.3394165039
1407505571165045730,3.83303833008,177.252929688,49.8405914307,226.872558594,93.1997833252,80.3394165039
1407505571177854598,3.83303833008,177.252929688,49.8405914307,226.872558594,93.1997833252,80.3394165039
1407505571189029116,3.83303833008,177.252929688,49.8405914307,226.872558594,93.1997833252,80.3394165039
1407505571201931204,3.83303833008,177.252929688,49.8405914307,226.872558594,93.1997833252,80.3394165039
1407505571215821095,3.83303833008,177.252929688,49.8405914307,226.872558594,93.1997833252,80.3394165039
1407505571228955629,3.83303833008,177.252929688,49.8405914307,226.872558594,93.1997833252,80.3394165039
1407505571241821309,3.83303833008,177.252929688,49.8405914307,226.872558594,93.1997833252,80.3394165039
1407505571254830268,3.83303833008,177.252929688,49.8405914307,226.872558594,93.1997833252,80.3394165039
1407505571267798098,3.83303833008,177.252929688,49.8405914307,226.872558594,93.1997833252,80.3394165039
1407505571279799698,3.83303833008,177.252929688,49.8405914307,226.872558594,93.1997833252,80.3394165039
1407505571291785202,3.83303833008,177.252929688,49.8405914307,226.872558594,93.1997833252,80.3394165039
1407505571305883916,3.83303833008,177.252929688,49.8405914307,226.872558594,93.1997833252,80.3394165039
1407505571318784521,3.83303833008,177.252929688,49.8405914307,226.872558594,93.1997833252,80.3394165039
1407505571330801318,3.83303833008,177.252929688,49.8405914307,226.872558594,93.1997833252,80.3394165039
1407505571343794306,3.83303833008,177.252929688,49.8405914307,226.872558594,93.1997833252,80.3394165039
1407505571355889047,3.83303833008,177.252929688,49.8405914307,226.872558594,93.1997833252,80.3394165039
1407505571368963904,3.83303833008,177.252929688,49.8405914307,226.872558594,93.1997833252,80.3394165039
1407505571381916831,3.83303833008,177.252929688,49.8405914307,226.872558594,93.1997833252,80.3394165039
1407505571394906679,3.83303833008,177.252929688,49.8405914307,226.872558594,93.1997833252,80.3394165039
1407505571408915794,3.83303833008,177.252929688,49.8405914307,226.872558594,93.1997833252,80.3394165039
1407505571421910394,3.83303833008,177.252929688,49.8405914307,226.872558594,93.1997833252,80.3394165039
1407505571434930455,3.83303833008,177.252929688,49.8405914307,226.872558594,93.1997833252,80.3394165039
1407505571448895698,3.83303833008,177.252929688,49.8405914307,226.872558594,93.1997833252,80.3394165039
1407505571461913126,3.83303833008,177.252929688,49.8405914307,226.872558594,93.1997833252,80.3394165039
1407505571474836292,3.83303833008,177.252929688,49.8405914307,226.872558594,93.1997833252,80.3394165039
1407505571487849149,3.83303833008,177.252929688,49.8405914307,226.872558594,93.1997833252,80.3394165039
1407505571501944599,3.83303833008,177.252929688,49.8405914307,226.872558594,93.1997833252,80.3394165039
1407505571513928451,3.83303833008,177.252929688,49.8405914307,226.872558594,93.1997833252,80.3394165039
1407505571525895553,3.83303833008,177.252929688,49.8405914307,226.872558594,93.1997833252,80.3394165039
1407505571538934009,3.83303833008,177.252929688,49.8405914307,226.872558594,93.1997833252,80.3394165039
1407505571551923044,3.83303833008,177.252929688,49.8405914307,226.872558594,93.1997833252,80.3394165039
1407505571565867278,3.83303833008,177.252929688,49.8405914307,226.872558594,93.1997833252,80.3394165039
1407505571577814130,3.83303833008,177.252929688,49.8405914307,226.872558594,93.1997833252,80.3394165039
1407505571590805571,3.83303833008,177.252929688,49.8405914307,226.872558594,93.1997833252,80.3394165039
1407505571603788022,3.83303833008,177.252929688,49.8405914307,226.872558594,93.1997833252,80.3394165039
1407505571616790538,3.83303833008,177.252929688,49.8405914307,226.872558594,93.1997833252,80.3394165039
1407505571628795318,3.83303833008,177.252929688,49.8405914307,226.872558594,93.1997833252,80.3394165039
1407505571641777662,3.83303833008,177.252929688,49.8405914307,226.872558594,93.1997833252,80.3394165039
1407505571653765271,3.83303833008,177.252929688,49.8405914307,226.872558594,93.1997833252,80.3394165039
1407505571666788570,3.83303833008,177.252929688,49.8405914307,226.872558594,93.1997833252,80.3394165039
1407505571679811695,3.83303833008,177.252929688,49.8405914307,226.872558594,93.1997833252,80.3394165039
1407505571693940261,3.83303833008,177.252929688,49.8405914307,226.872558594,93.1997833252,80.3394165039
1407505571706934699,3.83303833008,177.252929688,49.8405914307,226.872558594,93.1997833252,80.3394165039
1407505571719943317,3.83303833008,177.252929688,49.8405914307,226.872558594,93.1997833252,80.3394165039
1407505571733890800,3.83303833008,177.252929688,49.8405914307,226.872558594,93.1997833252,80.3394165039
1407505571746914475,3.83303833008,177.252929688,49.8405914307,226.872558594,93.1997833252,80.3394165039
1407505571759880685,3.83303833008,177.252929688,49.8405914307,226.872558594,93.1997833252,80.3394165039
1407505571771866332,3.83303833008,177.252929688,49.8405914307,226.872558594,93.1997833252,80.3394165039
1407505571783909911,3.83303833008,177.252929688,49.8405914307,226.872558594,93.1997833252,80.3394165039
1407505571797939568,3.83303833008,177.252929688,49.8405914307,226.872558594,93.1997833252,80.3394165039
1407505571810959476,3.83303833008,177.252929688,49.8405914307,226.872558594,93.1997833252,80.3394165039
1407505571823038495,3.83303833008,177.252929688,49.8405914307,226.872558594,93.1997833252,80.3394165039
1407505571835943446,3.83303833008,177.252929688,49.8405914307,226.872558594,93.1997833252,80.3394165039
1407505571848981503,3.83303833008,177.252929688,49.8405914307,226.872558594,93.1997833252,80.3394165039
1407505571860993538,3.83303833008,177.252929688,49.8405914307,226.872558594,93.1997833252,80.3394165039
1407505571873018825,3.83303833008,177.252929688,49.8405914307,226.872558594,93.1997833252,80.3394165039
1407505571886954820,3.83303833008,177.252929688,49.8405914307,226.872558594,93.1997833252,80.3394165039
1407505571899851435,3.83303833008,177.252929688,49.8405914307,226.872558594,93.1997833252,80.3394165039
1407505571911925254,3.83303833008,177.252929688,49.8405914307,226.872558594,93.1997833252,80.3394165039
1407505571925946146,3.83303833008,177.252929688,49.8405914307,226.872558594,93.1997833252,80.3394165039
1407505571937954692,3.83303833008,177.252929688,49.8405914307,226.872558594,93.1997833252,80.3394165039
1407505571950925819,3.83303833008,177.252929688,49.8405914307,226.872558594,93.1997833252,80.3394165039
1407505571963896475,3.83303833008,177.252929688,49.8405914307,226.872558594,93.1997833252,80.3394165039
1407505571976923621,3.83303833008,177.252929688,49.8405914307,226.872558594,93.1997833252,80.3394165039
1407505571987966026,3.83303833008,177.252929688,49.8405914307,226.872558594,93.1997833252,80.3394165039
1407505572001948606,3.83303833008,177.252929688,49.8405914307,226.872558594,93.1997833252,80.3394165039
1407505572014920741,3.83303833008,177.252929688,49.8405914307,226.872558594,93.1997833252,80.3394165039
1407505572025885250,3.83303833008,177.252929688,49.8405914307,226.872558594,93.1997833252,80.3394165039
1407505572037916100,3.83303833008,177.252929688,49.8405914307,226.872558594,93.1997833252,80.3394165039
1407505572051897883,3.83303833008,177.252929688,49.8405914307,226.872558594,93.1997833252,80.3394165039
1407505572064892802,3.83303833008,177.252929688,49.8405914307,226.872558594,93.1997833252,80.3394165039
1407505572076791648,3.83303833008,177.252929688,49.8405914307,226.872558594,93.1997833252,80.3394165039
1407505572088915594,3.83303833008,177.252929688,49.8405914307,226.872558594,93.1997833252,80.3394165039
1407505572101833711,3.83303833008,177.252929688,49.8405914307,226.872558594,93.1997833252,80.3394165039
1407505572114881180,3.83303833008,177.252929688,49.8405914307,226.872558594,93.1997833252,80.3394165039
1407505572127808114,3.83303833008,177.252929688,49.8405914307,226.872558594,93.1997833252,80.3394165039
1407505572139790035,3.83303833008,177.252929688,49.8405914307,226.872558594,93.1997833252,80.3394165039
1407505572151775139,3.83303833008,177.252929688,49.8405914307,226.872558594,93.1997833252,80.3394165039
1407505572164838798,3.83303833008,177.252929688,49.8405914307,226.872558594,93.1997833252,80.3394165039
1407505572177828165,3.83303833008,177.252929688,49.8405914307,226.872558594,93.1997833252,80.3394165039
1407505572189792503,3.83303833008,177.252929688,49.8405914307,226.872558594,93.1997833252,80.3394165039
1407505572202802651,3.83303833008,177.252929688,49.8405914307,226.872558594,93.1997833252,80.3394165039
1407505572215859103,3.83303833008,177.252929688,49.8405914307,226.872558594,93.1997833252,80.3394165039
1407505572228978808,3.83303833008,177.252929688,49.8405914307,226.872558594,93.1997833252,80.3394165039
1407505572241924628,3.83303833008,177.252929688,49.8405914307,226.872558594,93.1997833252,80.3394165039
1407505572255994125,3.83303833008,177.252929688,49.8405914307,226.872558594,93.1997833252,80.3394165039
1407505572268851714,3.83303833008,177.252929688,49.8405914307,226.872558594,93.1997833252,80.3394165039
1407505572282019305,3.83303833008,177.252929688,49.8405914307,226.872558594,93.1997833252,80.3394165039
1407505572293977528,3.83303833008,177.252929688,49.8405914307,226.872558594,93.1997833252,80.3394165039
1407505572306948704,3.83303833008,177.252929688,49.8405914307,226.872558594,93.1997833252,80.3394165039
1407505572318912827,3.83303833008,177.252929688,49.8405914307,226.872558594,93.1997833252,80.3394165039
1407505572331010435,3.83303833008,177.252929688,49.8405914307,226.872558594,93.1997833252,80.3394165039
1407505572341971814,3.83303833008,177.252929688,49.8405914307,226.872558594,93.1997833252,80.3394165039
1407505572354986056,3.83303833008,177.252929688,49.8405914307,226.872558594,93.1997833252,80.3394165039
1407505572367985098,3.83303833008,177.252929688,49.8405914307,226.872558594,93.1997833252,80.3394165039
1407505572380997401,3.83303833008,177.252929688,49.8405914307,226.872558594,93.1997833252,80.3394165039
1407505572394954842,3.83303833008,177.252929688,49.8405914307,226.872558594,93.1997833252,80.3394165039
1407505572406933363,3.83303833008,177.252929688,49.8405914307,226.872558594,93.1997833252,80.3394165039
1407505572419992844,3.83303833008,177.252929688,49.8405914307,226.872558594,93.1997833252,80.3394165039
1407505572431947117,3.83303833008,177.252929688,49.8405914307,226.872558594,93.1997833252,80.3394165039
1407505572443870096,3.83303833008,177.252929688,49.8405914307,226.872558594,93.1997833252,80.3394165039
1407505572456862530,3.83303833008,177.252929688,49.8405914307,226.872558594,93.1997833252,80.3394165039
1407505572470812393,3.83303833008,177.252929688,49.8405914307,226.872558594,93.1997833252,80.3394165039
1407505572483837386,3.83303833008,177.252929688,49.8405914307,226.872558594,93.1997833252,80.3394165039
1407505572495841833,3.83303833008,177.252929688,49.8405914307,226.872558594,93.1997833252,80.3394165039
1407505572509865235,3.83303833008,177.252929688,49.8405914307,226.872558594,93.1997833252,80.3394165039
1407505572521853404,3.83303833008,177.252929688,49.8405914307,226.872558594,93.1997833252,80.3394165039
1407505572533847417,3.83303833008,177.252929688,49.8405914307,226.872558594,93.1997833252,80.3394165039
1407505572545838144,3.83303833008,177.252929688,49.8405914307,226.872558594,93.1997833252,80.3394165039
1407505572556813614,3.83303833008,177.252929688,49.8405914307,226.872558594,93.1997833252,80.3394165039
1407505572570011201,3.83303833008,177.252929688,49.8405914307,226.872558594,93.1997833252,80.3394165039
1407505572581990558,3.83303833008,177.252929688,49.8405914307,226.872558594,93.1997833252,80.3394165039
1407505572594900426,3.83303833008,177.252929688,49.8405914307,226.872558594,93.1997833252,80.3394165039
1407505572606923396,3.83303833008,177.252929688,49.8405914307,226.872558594,93.1997833252,80.3394165039
1407505572619967469,3.83303833008,177.252929688,49.8405914307,226.872558594,93.1997833252,80.3394165039
1407505572630807424,3.83303833008,177.252929688,49.8405914307,226.872558594,93.1997833252,80.3394165039
1407505572644860045,3.83303833008,177.252929688,49.8405914307,226.872558594,93.1997833252,80.3394165039
1407505572657937147,3.83303833008,177.252929688,49.8405914307,226.872558594,93.1997833252,80.3394165039
1407505572670984641,3.83303833008,177.252929688,49.8405914307,226.872558594,93.1997833252,80.3394165039
1407505572683883271,3.83303833008,177.252929688,49.8405914307,226.872558594,93.1997833252,80.3394165039
1407505572696929246,3.83303833008,177.252929688,49.8405914307,226.872558594,93.1997833252,80.3394165039
1407505572711005327,3.83303833008,177.252929688,49.8405914307,226.872558594,93.1997833252,80.3394165039
1407505572723985119,3.83303833008,177.252929688,49.8405914307,226.872558594,93.1997833252,80.3394165039
1407505572736909508,3.83303833008,177.252929688,49.8405914307,226.872558594,93.1997833252,80.3394165039
1407505572750756483,3.83303833008,177.252929688,49.8405914307,226.872558594,93.1997833252,80.3394165039
1407505572762966259,3.83303833008,177.252929688,49.8405914307,226.872558594,93.1997833252,80.3394165039
1407505572775804423,3.83303833008,177.252929688,49.8405914307,226.872558594,93.1997833252,80.3394165039
1407505572788799396,3.83303833008,177.252929688,49.8405914307,226.872558594,93.1997833252,80.3394165039
1407505572801801635,3.83303833008,177.252929688,49.8405914307,226.872558594,93.1997833252,80.3394165039
1407505572814765591,3.83303833008,177.252929688,49.8405914307,226.872558594,93.1997833252,80.3394165039
1407505572827810167,3.83303833008,177.252929688,49.8405914307,226.872558594,93.1997833252,80.3394165039
1407505572839860854,3.83303833008,177.252929688,49.8405914307,226.872558594,93.1997833252,80.3394165039
1407505572851802709,3.83303833008,177.252929688,49.8405914307,226.872558594,93.1997833252,80.3394165039
1407505572863813078,3.83303833008,177.252929688,49.8405914307,226.872558594,93.1997833252,80.3394165039
1407505572876805739,3.83303833008,177.252929688,49.8405914307,226.872558594,93.1997833252,80.3394165039
1407505572889799866,3.83303833008,177.252929688,49.8405914307,226.872558594,93.1997833252,80.3394165039
1407505572902841141,3.83303833008,177.252929688,49.8405914307,226.872558594,93.1997833252,80.3394165039
1407505572915922308,3.83303833008,177.252929688,49.8405914307,226.872558594,93.1997833252,80.3394165039
1407505572928962834,3.83303833008,177.252929688,49.8405914307,226.872558594,93.1997833252,80.3394165039
1407505572940919413,3.83303833008,177.252929688,49.8405914307,226.872558594,93.1997833252,80.3394165039
1407505572953946139,3.83303833008,177.252929688,49.8405914307,226.872558594,93.1997833252,80.3394165039
1407505572967927068,3.83303833008,177.252929688,49.8405914307,226.872558594,93.1997833252,80.3394165039
1407505572979914721,3.83303833008,177.252929688,49.8405914307,226.872558594,93.1997833252,80.3394165039
1407505572991882970,3.83303833008,177.252929688,49.8405914307,226.872558594,93.1997833252,80.3394165039
1407505573005082511,3.83303833008,177.252929688,49.8405914307,226.872558594,93.1997833252,80.3394165039
1407505573017989041,3.83303833008,177.252929688,49.8405914307,226.872558594,93.1997833252,80.3394165039
1407505573029928829,3.83303833008,177.252929688,49.8405914307,226.872558594,93.1997833252,80.3394165039
1407505573043866899,3.83303833008,177.252929688,49.8405914307,226.872558594,93.1997833252,80.3394165039
1407505573056930046,3.83303833008,177.252929688,49.8405914307,226.872558594,93.1997833252,80.3394165039
1407505573070010579,3.83303833008,177.252929688,49.8405914307,226.872558594,93.1997833252,80.3394165039
1407505573081854696,3.83303833008,177.252929688,49.8405914307,226.872558594,93.1997833252,80.3394165039
1407505573093960212,3.83303833008,177.252929688,49.8405914307,226.872558594,93.1997833252,80.3394165039
1407505573106956788,3.83303833008,177.252929688,49.8405914307,226.872558594,93.1997833252,80.3394165039
1407505573118942355,3.83303833008,177.252929688,49.8405914307,226.872558594,93.1997833252,80.3394165039
1407505573130767127,3.83303833008,177.252929688,49.8405914307,226.872558594,93.1997833252,80.3394165039
1407505573143900865,3.83303833008,177.252929688,49.8405914307,226.872558594,93.1997833252,80.3394165039
1407505573153902233,3.83303833008,177.252929688,49.8405914307,226.872558594,93.1997833252,80.3394165039
1407505573165980623,3.83303833008,177.252929688,49.8405914307,226.872558594,93.1997833252,80.3394165039
1407505573175792573,3.83303833008,177.252929688,49.8405914307,226.872558594,93.1997833252,80.3394165039
1407505573188795001,3.83303833008,177.252929688,49.8405914307,226.872558594,93.1997833252,80.3394165039
1407505573200764623,3.83303833008,177.252929688,49.8405914307,226.872558594,93.1997833252,80.3394165039
1407505573212773751,3.83303833008,177.252929688,49.8405914307,226.872558594,93.1997833252,80.3394165039
1407505573224800637,3.83303833008,177.252929688,49.8405914307,226.872558594,93.1997833252,80.3394165039
1407505573235766706,3.83303833008,177.252929688,49.8405914307,226.872558594,93.1997833252,80.3394165039
1407505573244817798,3.83303833008,177.252929688,49.8405914307,226.872558594,93.1997833252,80.3394165039
1407505573255817809,3.83303833008,177.252929688,49.8405914307,226.872558594,93.1997833252,80.3394165039
1407505573267781607,3.83303833008,177.252929688,49.8405914307,226.872558594,93.1997833252,80.3394165039
1407505573279771375,3.83303833008,177.252929688,49.8405914307,226.872558594,93.1997833252,80.3394165039
1407505573292934079,3.83303833008,177.252929688,49.8405914307,226.872558594,93.1997833252,80.3394165039
1407505573303933564,3.83303833008,177.252929688,49.8405914307,226.872558594,93.1997833252,80.3394165039
1407505573316897245,3.83303833008,177.252929688,49.8405914307,226.872558594,93.1997833252,80.3394165039
1407505573328903504,3.83303833008,177.252929688,49.8405914307,226.872558594,93.1997833252,80.3394165039
1407505573340912162,3.83303833008,177.252929688,49.8405914307,226.872558594,93.1997833252,80.3394165039
1407505573351923784,3.83303833008,177.252929688,49.8405914307,226.872558594,93.1997833252,80.3394165039
1407505573363881723,3.83303833008,177.252929688,49.8405914307,226.872558594,93.1997833252,80.3394165039
1407505573374944569,3.83303833008,177.252929688,49.8405914307,226.872558594,93.1997833252,80.3394165039
1407505573386860051,3.83303833008,177.252929688,49.8405914307,226.872558594,93.1997833252,80.3394165039
1407505573397909464,3.83303833008,177.252929688,49.8405914307,226.872558594,93.1997833252,80.3394165039
1407505573410839348,3.83303833008,177.252929688,49.8405914307,226.872558594,93.1997833252,80.3394165039
1407505573421968083,3.83303833008,177.252929688,49.8405914307,226.872558594,93.1997833252,80.3394165039
1407505573433975002,3.83303833008,177.252929688,49.8405914307,226.872558594,93.1997833252,80.3394165039
1407505573445977402,3.83303833008,177.252929688,49.8405914307,226.872558594,93.1997833252,80.3394165039
1407505573457041541,3.83303833008,177.252929688,49.8405914307,226.872558594,93.1997833252,80.3394165039
1407505573467884779,3.83303833008,177.252929688,49.8405914307,226.872558594,93.1997833252,80.3394165039
1407505573480780744,3.83303833008,177.252929688,49.8405914307,226.872558594,93.1997833252,80.3394165039
1407505573493887282,3.83303833008,177.252929688,49.8405914307,226.872558594,93.1997833252,80.3394165039
1407505573505839760,3.83303833008,177.252929688,49.8405914307,226.872558594,93.1997833252,80.3394165039
1407505573518865538,3.83303833008,177.252929688,49.8405914307,226.872558594,93.1997833252,80.3394165039
1407505573530752860,3.83303833008,177.252929688,49.8405914307,226.872558594,93.1997833252,80.3394165039
1407505573541761175,3.83303833008,177.252929688,49.8405914307,226.872558594,93.1997833252,80.3394165039
1407505573554778516,3.83303833008,177.252929688,49.8405914307,226.872558594,93.1997833252,80.3394165039
1407505573567832475,3.83303833008,177.252929688,49.8405914307,226.872558594,93.1997833252,80.3394165039
1407505573578837825,3.83303833008,177.252929688,49.8405914307,226.872558594,93.1997833252,80.3394165039
1407505573591805586,3.83303833008,177.252929688,49.8405914307,226.872558594,93.1997833252,80.3394165039
1407505573604886257,3.83303833008,177.252929688,49.8405914307,226.872558594,93.1997833252,80.3394165039
